{"mean": [54.39862542955326, 0.6838487972508591, 3.161512027491409, 131.23024054982818, 244.99656357388315, 0.140893470790378, 0.9896907216494846, 149.47079037800688, 0.32989690721649484, 1.0487972508591066, 1.6013745704467355, 0.6872852233676976, 4.725085910652921], "scale": [9.043567600733908, 0.4649727086070886, 0.962187039686087, 17.271987718150747, 46.869820320964514, 0.34791162768585204, 0.993049854897798, 23.10684147050393, 0.47017543303057246, 1.158869989710175, 0.614150015175673, 0.9425835581042431, 1.933611965511485], "feature_names": ["age", "sex", "cp", "trestbps", "chol", "fbs", "restecg", "thalach", "exang", "oldpeak", "slope", "ca", "thal"]}