{"mean": [54.54208754208754, 0.6767676767676768, 3.1582491582491583, 131.69360269360268, 247.35016835016836, 0.1447811447811448, 0.9966329966329966, 149.5993265993266, 0.3265993265993266, 1.0555555555555556, 1.6026936026936027, 0.6767676767676768, 4.730639730639731], "scale": [9.034487589926636, 0.4677105819309182, 0.9632336979027394, 17.73287743823472, 51.909970707892114, 0.35188004333438117, 0.99323745892929, 22.90290733792757, 0.4689693022620916, 1.1641579568929132, 0.6171451736665773, 0.9373824451006205, 1.9353622047234418], "feature_names": ["age", "sex", "cp", "trestbps", "chol", "fbs", "restecg", "thalach", "exang", "oldpeak", "slope", "ca", "thal"]}